무게_g,국가코드,운임_KRW
100,GB,4100
100,DE,6900
100,FR,5800
100,IT,6700
100,ES,5700
100,NL,6900
100,PL,4200
100,PT,6600
100,IE,5600
100,FI,6900
100,SE,6100
100,CH,10900
100,LU,7500
100,AT,6900
100,BE,6900
100,CZ,5100
100,HU,4900
100,DK,6900
100,NO,7300
100,GR,4400
100,MT,9900
100,BG,5400
100,LT,3800
100,LV,5300
100,RO,5800
100,SI,6000
100,SK,5900
100,HR,6700
100,EE,5600
100,CY,6100
100,IL,7300
100,CA,5400
100,MX,5200
100,BR,9100
100,CL,8900
100,CO,9600
100,SG,4600
100,AU,6500
100,NZ,4500
100,JP,5300
100,HK,5200
100,MO,5500
100,TR,9700
100,SA,13100
100,AE,7200
200,GB,5300
200,DE,7500
200,FR,6400
200,IT,7400
200,ES,6500
200,NL,7900
200,PL,5500
200,PT,7800
200,IE,7000
200,FI,7900
200,SE,7000
200,CH,12400
200,LU,8700
200,AT,8100
200,BE,7900
200,CZ,6300
200,HU,6400
200,DK,7900
200,NO,8100
200,GR,5600
200,MT,11800
200,BG,6100
200,LT,5300
200,LV,6800
200,RO,7000
200,SI,7100
200,SK,7500
200,HR,7900
200,EE,7100
200,CY,8000
200,IL,8900
200,CA,7200
200,MX,7700
200,BR,10800
200,CL,9700
200,CO,10400
200,SG,5200
200,AU,7100
200,NZ,5900
200,JP,6200
200,HK,5300
200,MO,5600
200,TR,12400
200,SA,14600
200,AE,8200
300,GB,6300
300,DE,8300
300,FR,7400
300,IT,8200
300,ES,7700
300,NL,8700
300,PL,6900
300,PT,9500
300,IE,8400
300,FI,9300
300,SE,8000
300,CH,13600
300,LU,9900
300,AT,9600
300,BE,9300
300,CZ,7700
300,HU,7800
300,DK,8900
300,NO,9000
300,GR,7000
300,MT,13600
300,BG,6800
300,LT,6700
300,LV,8200
300,RO,8200
300,SI,8300
300,SK,9100
300,HR,9100
300,EE,8500
300,CY,9900
300,IL,10400
300,CA,8600
300,MX,10200
300,BR,12900
300,CL,10300
300,CO,11600
300,SG,5800
300,AU,8200
300,NZ,6900
300,JP,6700
300,HK,5500
300,MO,5700
300,TR,12700
300,SA,16200
300,AE,9200
400,GB,7400
400,DE,9100
400,FR,8500
400,IT,9100
400,ES,8900
400,NL,9500
400,PL,8300
400,PT,10900
400,IE,9900
400,FI,10700
400,SE,9100
400,CH,14800
400,LU,11300
400,AT,11000
400,BE,10700
400,CZ,9200
400,HU,9300
400,DK,10200
400,NO,10400
400,GR,8500
400,MT,15500
400,BG,7900
400,LT,8100
400,LV,9700
400,RO,9400
400,SI,9500
400,SK,10700
400,HR,10300
400,EE,10000
400,CY,11900
400,IL,12000
400,CA,9800
400,MX,12800
400,BR,14100
400,CL,11300
400,CO,12700
400,SG,6400
400,AU,9400
400,NZ,8000
400,JP,7200
400,HK,5600
400,MO,5800
400,TR,15100
400,SA,17700
400,AE,10200
500,GB,8300
500,DE,10000
500,FR,9300
500,IT,9900
500,ES,10200
500,NL,11100
500,PL,9700
500,PT,11900
500,IE,11300
500,FI,12100
500,SE,10200
500,CH,16300
500,LU,12700
500,AT,12500
500,BE,12100
500,CZ,10700
500,HU,10700
500,DK,11400
500,NO,11800
500,GR,9900
500,MT,17400
500,BG,8900
500,LT,9600
500,LV,11200
500,RO,10600
500,SI,10700
500,SK,12200
500,HR,11500
500,EE,11500
500,CY,13800
500,IL,13500
500,CA,11500
500,MX,15300
500,BR,15800
500,CL,12400
500,CO,14200
500,SG,7100
500,AU,10500
500,NZ,9200
500,JP,7700
500,HK,5700
500,MO,5900
500,TR,17500
500,SA,19200
500,AE,11100
600,GB,9800
600,DE,10800
600,FR,10700
600,IT,11000
600,ES,11300
600,NL,12200
600,PL,11100
600,PT,12800
600,IE,12700
600,FI,13600
600,SE,11400
600,CH,17700
600,LU,14500
600,AT,13900
600,BE,13900
600,CZ,12100
600,HU,12200
600,DK,12600
600,NO,13600
600,GR,11400
600,MT,19200
600,BG,9900
600,LT,11000
600,LV,12700
600,RO,11800
600,SI,12000
600,SK,13800
600,HR,12700
600,EE,12900
600,CY,15800
600,IL,15500
600,CA,13000
600,MX,18000
600,BR,18300
600,CL,15900
600,CO,16800
600,SG,8400
600,AU,12400
600,NZ,10400
600,JP,8200
600,HK,5800
600,MO,6000
600,TR,19900
600,SA,20800
600,AE,12100
700,GB,10900
700,DE,11600
700,FR,11400
700,IT,11800
700,ES,12200
700,NL,13100
700,PL,13100
700,PT,14200
700,IE,14100
700,FI,15000
700,SE,12500
700,CH,19100
700,LU,15900
700,AT,15400
700,BE,15300
700,CZ,13600
700,HU,13600
700,DK,13900
700,NO,14900
700,GR,12800
700,MT,21100
700,BG,10900
700,LT,12400
700,LV,14100
700,RO,12900
700,SI,13200
700,SK,15400
700,HR,13900
700,EE,14400
700,CY,17700
700,IL,17100
700,CA,14300
700,MX,20600
700,BR,20000
700,CL,17500
700,CO,18200
700,SG,9000
700,AU,13600
700,NZ,11600
700,JP,8700
700,HK,5900
700,MO,6200
700,TR,22400
700,SA,22300
700,AE,13100
800,GB,11800
800,DE,12400
800,FR,12700
800,IT,12700
800,ES,13200
800,NL,13800
800,PL,14500
800,PT,15600
800,IE,15600
800,FI,16400
800,SE,13600
800,CH,20600
800,LU,17400
800,AT,16800
800,BE,16800
800,CZ,15000
800,HU,15100
800,DK,14900
800,NO,16300
800,GR,14200
800,MT,23000
800,BG,12000
800,LT,13900
800,LV,15600
800,RO,14100
800,SI,14400
800,SK,17000
800,HR,15100
800,EE,15800
800,CY,19600
800,IL,18600
800,CA,15600
800,MX,23100
800,BR,21600
800,CL,19200
800,CO,20100
800,SG,9700
800,AU,14700
800,NZ,12700
800,JP,9200
800,HK,6000
800,MO,6300
800,TR,24800
800,SA,23900
800,AE,14100
900,GB,12800
900,DE,13200
900,FR,13400
900,IT,13900
900,ES,13600
900,NL,14800
900,PL,15900
900,PT,17000
900,IE,17000
900,FI,17900
900,SE,14700
900,CH,22000
900,LU,18800
900,AT,18300
900,BE,18200
900,CZ,16500
900,HU,16600
900,DK,16100
900,NO,17700
900,GR,15700
900,MT,24900
900,BG,13000
900,LT,15300
900,LV,17100
900,RO,15300
900,SI,15600
900,SK,18500
900,HR,16300
900,EE,17300
900,CY,21600
900,IL,20200
900,CA,17000
900,MX,25700
900,BR,23300
900,CL,20900
900,CO,22500
900,SG,10300
900,AU,15900
900,NZ,13900
900,JP,9700
900,HK,6100
900,MO,6400
900,TR,27200
900,SA,25400
900,AE,15100
1000,GB,13900
1000,DE,13600
1000,FR,14200
1000,IT,14100
1000,ES,14100
1000,NL,15700
1000,PL,17300
1000,PT,18400
1000,IE,18400
1000,FI,19300
1000,SE,16000
1000,CH,23400
1000,LU,20100
1000,AT,19700
1000,BE,19600
1000,CZ,17900
1000,HU,18000
1000,DK,17300
1000,NO,19100
1000,GR,17100
1000,MT,26700
1000,BG,14000
1000,LT,16800
1000,LV,18600
1000,RO,16500
1000,SI,16800
1000,SK,20100
1000,HR,17500
1000,EE,18800
1000,CY,23500
1000,IL,21700
1000,CA,18200
1000,MX,28200
1000,BR,25000
1000,CL,22600
1000,CO,23900
1000,SG,11000
1000,AU,16500
1000,NZ,15100
1000,JP,10200
1000,HK,6200
1000,MO,6500
1000,TR,29600
1000,SA,26900
1000,AE,16000
1100,GB,14300
1100,DE,13900
1100,FR,14500
1100,IT,14200
1100,ES,14400
1100,NL,16200
1100,PL,18700
1100,PT,20300
1100,IE,19800
1100,FI,20700
1100,SE,17200
1100,CH,24900
1100,LU,21600
1100,AT,21200
1100,BE,21000
1100,CZ,19400
1100,HU,19500
1100,DK,18500
1100,NO,21100
1100,GR,18600
1100,MT,28600
1100,BG,15000
1100,LT,18200
1100,LV,20100
1100,RO,17700
1100,SI,18100
1100,SK,21700
1100,HR,18700
1100,EE,20200
1100,CY,25400
1100,IL,23200
1100,CA,19700
1100,MX,31000
1100,BR,27500
1100,CL,25600
1100,CO,28400
1100,SG,11700
1100,AU,17000
1100,NZ,16300
1100,JP,10700
1100,HK,7600
1100,MO,7900
1100,TR,31300
1100,SA,28500
1100,AE,17000
1200,GB,15200
1200,DE,14700
1200,FR,15100
1200,IT,15000
1200,ES,15200
1200,NL,16800
1200,PL,20100
1200,PT,21700
1200,IE,21300
1200,FI,22100
1200,SE,18500
1200,CH,26300
1200,LU,23000
1200,AT,22600
1200,BE,22400
1200,CZ,20800
1200,HU,20900
1200,DK,19700
1200,NO,22500
1200,GR,20000
1200,MT,30500
1200,BG,16100
1200,LT,19600
1200,LV,21500
1200,RO,18900
1200,SI,19300
1200,SK,23300
1200,HR,19900
1200,EE,21700
1200,CY,27400
1200,IL,24800
1200,CA,21000
1200,MX,33600
1200,BR,29200
1200,CL,27300
1200,CO,29900
1200,SG,12400
1200,AU,18000
1200,NZ,17400
1200,JP,11200
1200,HK,7700
1200,MO,8000
1200,TR,33700
1200,SA,30000
1200,AE,18000
1300,GB,16200
1300,DE,15500
1300,FR,17900
1300,IT,15900
1300,ES,16200
1300,NL,17400
1300,PL,21500
1300,PT,23100
1300,IE,22700
1300,FI,23600
1300,SE,19800
1300,CH,27800
1300,LU,24400
1300,AT,24100
1300,BE,23800
1300,CZ,22300
1300,HU,22400
1300,DK,20900
1300,NO,23800
1300,GR,21400
1300,MT,32400
1300,BG,17100
1300,LT,21100
1300,LV,23000
1300,RO,20100
1300,SI,20500
1300,SK,24800
1300,HR,21100
1300,EE,23200
1300,CY,29300
1300,IL,26300
1300,CA,22300
1300,MX,36100
1300,BR,30900
1300,CL,29000
1300,CO,31300
1300,SG,13000
1300,AU,19100
1300,NZ,18600
1300,JP,11700
1300,HK,7800
1300,MO,8100
1300,TR,36000
1300,SA,31500
1300,AE,19000
1400,GB,17200
1400,DE,16300
1400,FR,18600
1400,IT,16600
1400,ES,17100
1400,NL,18000
1400,PL,22900
1400,PT,24500
1400,IE,24100
1400,FI,25000
1400,SE,21100
1400,CH,29200
1400,LU,25800
1400,AT,25500
1400,BE,25200
1400,CZ,23700
1400,HU,23800
1400,DK,22100
1400,NO,25200
1400,GR,22900
1400,MT,34200
1400,BG,18100
1400,LT,22500
1400,LV,24500
1400,RO,21300
1400,SI,21700
1400,SK,26400
1400,HR,22300
1400,EE,24600
1400,CY,31300
1400,IL,27900
1400,CA,23900
1400,MX,38700
1400,BR,32500
1400,CL,30700
1400,CO,32800
1400,SG,13700
1400,AU,20100
1400,NZ,19800
1400,JP,12200
1400,HK,7900
1400,MO,8300
1400,TR,38400
1400,SA,33100
1400,AE,19900
1500,GB,18200
1500,DE,17000
1500,FR,19500
1500,IT,17300
1500,ES,18000
1500,NL,18600
1500,PL,24300
1500,PT,25900
1500,IE,25500
1500,FI,26400
1500,SE,22300
1500,CH,30600
1500,LU,27100
1500,AT,27000
1500,BE,26500
1500,CZ,25200
1500,HU,25300
1500,DK,23300
1500,NO,26600
1500,GR,24300
1500,MT,36100
1500,BG,19200
1500,LT,23900
1500,LV,26000
1500,RO,22500
1500,SI,22900
1500,SK,28000
1500,HR,23400
1500,EE,26100
1500,CY,33200
1500,IL,29400
1500,CA,25100
1500,MX,41200
1500,BR,34200
1500,CL,32400
1500,CO,34200
1500,SG,14300
1500,AU,21200
1500,NZ,21000
1500,JP,12700
1500,HK,8000
1500,MO,8400
1500,TR,40700
1500,SA,34600
1500,AE,20900
1600,GB,19200
1600,DE,17800
1600,FR,20200
1600,IT,18200
1600,ES,18800
1600,NL,19200
1600,PL,25700
1600,PT,27300
1600,IE,27000
1600,FI,27900
1600,SE,23600
1600,CH,32100
1600,LU,28500
1600,AT,28400
1600,BE,27900
1600,CZ,26600
1600,HU,26700
1600,DK,24600
1600,NO,28000
1600,GR,25800
1600,MT,38000
1600,BG,20200
1600,LT,25400
1600,LV,27400
1600,RO,23700
1600,SI,24200
1600,SK,29600
1600,HR,24600
1600,EE,27500
1600,CY,35100
1600,IL,31000
1600,CA,26600
1600,MX,43800
1600,BR,36700
1600,CL,35100
1600,CO,37900
1600,SG,15000
1600,AU,22200
1600,NZ,22100
1600,JP,13200
1600,HK,9200
1600,MO,9400
1600,TR,43100
1600,SA,36100
1600,AE,21900
1700,GB,20300
1700,DE,18600
1700,FR,20900
1700,IT,19000
1700,ES,19700
1700,NL,19800
1700,PL,27100
1700,PT,28700
1700,IE,28400
1700,FI,29300
1700,SE,24900
1700,CH,33500
1700,LU,29900
1700,AT,29900
1700,BE,29300
1700,CZ,28100
1700,HU,28200
1700,DK,25800
1700,NO,29400
1700,GR,27200
1700,MT,39800
1700,BG,21200
1700,LT,26800
1700,LV,28900
1700,RO,24900
1700,SI,25400
1700,SK,31100
1700,HR,25800
1700,EE,29000
1700,CY,37100
1700,IL,32500
1700,CA,27800
1700,MX,46300
1700,BR,38400
1700,CL,36800
1700,CO,39300
1700,SG,15800
1700,AU,23200
1700,NZ,23300
1700,JP,13700
1700,HK,9300
1700,MO,9500
1700,TR,45400
1700,SA,37700
1700,AE,22900
1800,GB,21200
1800,DE,19400
1800,FR,21700
1800,IT,19700
1800,ES,20600
1800,NL,20400
1800,PL,28500
1800,PT,30100
1800,IE,29800
1800,FI,30700
1800,SE,26200
1800,CH,34900
1800,LU,31300
1800,AT,31300
1800,BE,30700
1800,CZ,29500
1800,HU,29600
1800,DK,27000
1800,NO,30800
1800,GR,28700
1800,MT,41700
1800,BG,22200
1800,LT,28200
1800,LV,30400
1800,RO,26100
1800,SI,26600
1800,SK,32700
1800,HR,27000
1800,EE,30500
1800,CY,39000
1800,IL,34100
1800,CA,29100
1800,MX,48900
1800,BR,40100
1800,CL,38500
1800,CO,40800
1800,SG,16400
1800,AU,24300
1800,NZ,24500
1800,JP,14200
1800,HK,9500
1800,MO,9600
1800,TR,47700
1800,SA,39200
1800,AE,23800
1900,GB,22200
1900,DE,20100
1900,FR,22500
1900,IT,20600
1900,ES,21400
1900,NL,21000
1900,PL,29900
1900,PT,31600
1900,IE,31200
1900,FI,32200
1900,SE,27400
1900,CH,36400
1900,LU,32700
1900,AT,32800
1900,BE,32100
1900,CZ,31000
1900,HU,31100
1900,DK,28200
1900,NO,32200
1900,GR,30100
1900,MT,43600
1900,BG,23300
1900,LT,29700
1900,LV,31900
1900,RO,27300
1900,SI,27800
1900,SK,34300
1900,HR,28200
1900,EE,31900
1900,CY,40900
1900,IL,35600
1900,CA,30700
1900,MX,51400
1900,BR,41700
1900,CL,40200
1900,CO,42200
1900,SG,17100
1900,AU,25300
1900,NZ,25700
1900,JP,14700
1900,HK,9600
1900,MO,9800
1900,TR,50100
1900,SA,40700
1900,AE,24800
2000,GB,23200
2000,DE,20900
2000,FR,23200
2000,IT,21300
2000,ES,22400
2000,NL,21600
2000,PL,31300
2000,PT,33000
2000,IE,32600
2000,FI,33600
2000,SE,28700
2000,CH,37800
2000,LU,34100
2000,AT,34200
2000,BE,33500
2000,CZ,32400
2000,HU,32600
2000,DK,29400
2000,NO,33500
2000,GR,31500
2000,MT,45500
2000,BG,24300
2000,LT,31100
2000,LV,33300
2000,RO,28400
2000,SI,29000
2000,SK,36600
2000,HR,29400
2000,EE,33400
2000,CY,42900
2000,IL,37200
2000,CA,31900
2000,MX,53900
2000,BR,43400
2000,CL,41900
2000,CO,43700
2000,SG,17700
2000,AU,26400
2000,NZ,27000
2000,JP,15200
2000,HK,9700
2000,MO,9900
2000,TR,52400
2000,SA,42300
2000,AE,25800
2000,KR,3900
2100,GB,25300
2100,DE,22800
2100,FR,25900
2100,IT,24000
2100,ES,24800
2100,NL,22200
2100,PL,32700
2100,PT,34800
2100,IE,34100
2100,FI,35000
2100,SE,30000
2100,CH,39200
2100,LU,36000
2100,AT,35700
2100,BE,35400
2100,CZ,33900
2100,HU,34300
2100,DK,30600
2100,NO,35700
2100,GR,33100
2100,MT,47700
2100,BG,25600
2100,LT,32500
2100,LV,34800
2100,RO,30000
2100,SI,30500
2100,SK,38100
2100,HR,30600
2100,EE,34900
2100,CY,46100
2100,IL,39200
2100,CA,36000
2100,MX,56800
2100,BR,45900
2100,CL,46100
2100,CO,48200
2100,SG,18400
2100,AU,27400
2100,NZ,28100
2100,JP,16100
2100,HK,11100
2100,MO,11200
2100,TR,54800
2100,SA,43800
2100,AE,26800
2200,GB,26300
2200,DE,23600
2200,FR,26700
2200,IT,24900
2200,ES,25800
2200,NL,22900
2200,PL,34100
2200,PT,36200
2200,IE,35500
2200,FI,36400
2200,SE,31300
2200,CH,40700
2200,LU,37400
2200,AT,37100
2200,BE,36800
2200,CZ,35300
2200,HU,35800
2200,DK,31800
2200,NO,37100
2200,GR,34600
2200,MT,49600
2200,BG,26700
2200,LT,34000
2200,LV,36300
2200,RO,31200
2200,SI,31700
2200,SK,39700
2200,HR,31800
2200,EE,36300
2200,CY,48100
2200,IL,40700
2200,CA,37400
2200,MX,59300
2200,BR,47600
2200,CL,47800
2200,CO,49600
2200,SG,19000
2200,AU,28500
2200,NZ,29300
2200,JP,16600
2200,HK,11200
2200,MO,11300
2200,TR,57100
2200,SA,45300
2200,AE,27700
2300,GB,27400
2300,DE,24300
2300,FR,27500
2300,IT,25700
2300,ES,26700
2300,NL,23700
2300,PL,35500
2300,PT,37700
2300,IE,36900
2300,FI,37900
2300,SE,32500
2300,CH,42100
2300,LU,38800
2300,AT,38600
2300,BE,38200
2300,CZ,36800
2300,HU,37200
2300,DK,33000
2300,NO,38400
2300,GR,36000
2300,MT,51500
2300,BG,27700
2300,LT,35400
2300,LV,37800
2300,RO,32400
2300,SI,32900
2300,SK,41300
2300,HR,33000
2300,EE,37800
2300,CY,50000
2300,IL,42300
2300,CA,39100
2300,MX,61900
2300,BR,49300
2300,CL,49500
2300,CO,51100
2300,SG,19800
2300,AU,29500
2300,NZ,30500
2300,JP,17100
2300,HK,11300
2300,MO,11400
2300,TR,59500
2300,SA,46900
2300,AE,28700
2400,GB,28400
2400,DE,25100
2400,FR,28300
2400,IT,26500
2400,ES,27700
2400,NL,24500
2400,PL,36900
2400,PT,39100
2400,IE,38300
2400,FI,39300
2400,SE,33800
2400,CH,43500
2400,LU,40200
2400,AT,40000
2400,BE,39600
2400,CZ,38200
2400,HU,38700
2400,DK,34200
2400,NO,39800
2400,GR,37500
2400,MT,53400
2400,BG,28700
2400,LT,36800
2400,LV,39200
2400,RO,33600
2400,SI,34100
2400,SK,42900
2400,HR,34200
2400,EE,39300
2400,CY,51900
2400,IL,43800
2400,CA,40300
2400,MX,64400
2400,BR,51000
2400,CL,51200
2400,CO,52500
2400,SG,20500
2400,AU,30500
2400,NZ,31700
2400,JP,17600
2400,HK,11400
2400,MO,11500
2400,TR,61800
2400,SA,48400
2400,AE,29700
2500,GB,29400
2500,DE,25900
2500,FR,29100
2500,IT,27300
2500,ES,28600
2500,NL,25200
2500,PL,38300
2500,PT,40500
2500,IE,39800
2500,FI,40700
2500,SE,35100
2500,CH,45000
2500,LU,41600
2500,AT,41500
2500,BE,41000
2500,CZ,39700
2500,HU,40100
2500,DK,35400
2500,NO,41200
2500,GR,38900
2500,MT,55200
2500,BG,29700
2500,LT,38300
2500,LV,40700
2500,RO,34800
2500,SI,35300
2500,SK,44400
2500,HR,35400
2500,EE,40700
2500,CY,53900
2500,IL,45400
2500,CA,41700
2500,MX,67000
2500,BR,52600
2500,CL,52900
2500,CO,53900
2500,SG,21100
2500,AU,31600
2500,NZ,32800
2500,JP,18100
2500,HK,11500
2500,MO,11600
2500,TR,64200
2500,SA,49900
2500,AE,30700
2600,GB,30400
2600,DE,26700
2600,FR,29900
2600,IT,28200
2600,ES,29500
2600,NL,26000
2600,PL,39700
2600,PT,41900
2600,IE,41200
2600,FI,42200
2600,SE,36400
2600,CH,46400
2600,LU,43000
2600,AT,42900
2600,BE,42400
2600,CZ,41100
2600,HU,41600
2600,DK,36600
2600,NO,42600
2600,GR,40300
2600,MT,57100
2600,BG,30800
2600,LT,39700
2600,LV,42200
2600,RO,36000
2600,SI,36500
2600,SK,46000
2600,HR,36600
2600,EE,42200
2600,CY,55800
2600,IL,46900
2600,CA,43200
2600,MX,69500
2600,BR,55100
2600,CL,54600
2600,CO,57600
2600,SG,21800
2600,AU,32600
2600,NZ,34000
2600,JP,18600
2600,HK,12700
2600,MO,12800
2600,TR,66500
2600,SA,51500
2600,AE,31600
2700,GB,31500
2700,DE,27500
2700,FR,30700
2700,IT,29000
2700,ES,30500
2700,NL,26800
2700,PL,41100
2700,PT,43300
2700,IE,42600
2700,FI,43600
2700,SE,37600
2700,CH,47900
2700,LU,44300
2700,AT,44400
2700,BE,43800
2700,CZ,42600
2700,HU,43000
2700,DK,37800
2700,NO,44000
2700,GR,41800
2700,MT,59000
2700,BG,31800
2700,LT,41100
2700,LV,43700
2700,RO,37200
2700,SI,37700
2700,SK,47600
2700,HR,37800
2700,EE,43600
2700,CY,57700
2700,IL,48500
2700,CA,44600
2700,MX,72100
2700,BR,56800
2700,CL,56300
2700,CO,59100
2700,SG,22400
2700,AU,33700
2700,NZ,35200
2700,JP,19100
2700,HK,12800
2700,MO,12900
2700,TR,68900
2700,SA,53000
2700,AE,32600
2800,GB,32500
2800,DE,28300
2800,FR,31500
2800,IT,29800
2800,ES,31400
2800,NL,27600
2800,PL,42500
2800,PT,44700
2800,IE,44000
2800,FI,45000
2800,SE,38900
2800,CH,49300
2800,LU,45700
2800,AT,45800
2800,BE,45100
2800,CZ,44100
2800,HU,44500
2800,DK,39000
2800,NO,45400
2800,GR,43200
2800,MT,60800
2800,BG,32800
2800,LT,42600
2800,LV,45100
2800,RO,38400
2800,SI,38900
2800,SK,49200
2800,HR,39000
2800,EE,45100
2800,CY,59700
2800,IL,50000
2800,CA,46300
2800,MX,74600
2800,BR,58500
2800,CL,58000
2800,CO,60500
2800,SG,23100
2800,AU,34700
2800,NZ,36400
2800,JP,19600
2800,HK,12900
2800,MO,13000
2800,TR,71200
2800,SA,54500
2800,AE,33600
2900,GB,33500
2900,DE,29100
2900,FR,32300
2900,IT,30700
2900,ES,32300
2900,NL,28300
2900,PL,43900
2900,PT,46100
2900,IE,45500
2900,FI,46500
2900,SE,40200
2900,CH,50700
2900,LU,47100
2900,AT,47300
2900,BE,46500
2900,CZ,45500
2900,HU,45900
2900,DK,40200
2900,NO,46800
2900,GR,44700
2900,MT,62700
2900,BG,33900
2900,LT,44000
2900,LV,46600
2900,RO,39600
2900,SI,40100
2900,SK,50800
2900,HR,40100
2900,EE,46600
2900,CY,61600
2900,IL,51600
2900,CA,47600
2900,MX,77100
2900,BR,60200
2900,CL,59600
2900,CO,62000
2900,SG,23800
2900,AU,35800
2900,NZ,37500
2900,JP,20100
2900,HK,13000
2900,MO,13100
2900,TR,73500
2900,SA,56100
2900,AE,34600
3000,GB,34600
3000,DE,29900
3000,FR,33100
3000,IT,31500
3000,ES,33300
3000,NL,29100
3000,PL,45300
3000,PT,47500
3000,IE,46900
3000,FI,47900
3000,SE,41500
3000,CH,52200
3000,LU,48500
3000,AT,48700
3000,BE,47900
3000,CZ,47000
3000,HU,47400
3000,DK,41400
3000,NO,48100
3000,GR,46100
3000,MT,64600
3000,BG,34900
3000,LT,45400
3000,LV,48100
3000,RO,40800
3000,SI,41300
3000,SK,52300
3000,HR,41300
3000,EE,48000
3000,CY,63500
3000,IL,53100
3000,CA,49100
3000,MX,79700
3000,BR,61800
3000,CL,61300
3000,CO,63400
3000,SG,24500
3000,AU,36800
3000,NZ,38800
3000,JP,20600
3000,HK,13100
3000,MO,13200
3000,TR,75900
3000,SA,57600
3000,AE,35500
3100,GB,35600
3100,DE,31100
3100,FR,34700
3100,IT,32300
3100,ES,34600
3100,NL,29900
3100,PL,46700
3100,PT,49400
3100,IE,48300
3100,FI,49300
3100,SE,42800
3100,CH,53600
3100,LU,49900
3100,AT,50100
3100,BE,49300
3100,CZ,48400
3100,HU,49100
3100,DK,42600
3100,NO,49500
3100,GR,47500
3100,MT,66900
3100,BG,36200
3100,LT,46900
3100,LV,49600
3100,RO,42400
3100,SI,42900
3100,SK,53900
3100,HR,42500
3100,EE,49500
3100,CY,66800
3100,IL,54700
3100,CA,56000
3100,MX,82500
3100,BR,64400
3100,CL,65600
3100,CO,67800
3100,SG,25100
3100,AU,37800
3100,NZ,40200
3100,JP,21100
3100,HK,14500
3100,MO,14600
3100,TR,78200
3100,SA,59100
3100,AE,36500
3200,GB,36600
3200,DE,31900
3200,FR,35500
3200,IT,33200
3200,ES,35600
3200,NL,30600
3200,PL,48100
3200,PT,50800
3200,IE,49700
3200,FI,50800
3200,SE,44100
3200,CH,55000
3200,LU,51300
3200,AT,51600
3200,BE,50700
3200,CZ,49900
3200,HU,50600
3200,DK,43900
3200,NO,50900
3200,GR,49000
3200,MT,68700
3200,BG,37300
3200,LT,48300
3200,LV,51000
3200,RO,43600
3200,SI,44000
3200,SK,55500
3200,HR,43700
3200,EE,51000
3200,CY,68700
3200,IL,56200
3200,CA,56000
3200,MX,85100
3200,BR,66100
3200,CL,67300
3200,CO,69200
3200,SG,25800
3200,AU,38900
3200,NZ,41400
3200,JP,21600
3200,HK,14600
3200,MO,14700
3200,TR,80600
3200,SA,60700
3200,AE,37500
3300,GB,37700
3300,DE,32700
3300,FR,36300
3300,IT,34000
3300,ES,36500
3300,NL,31400
3300,PL,49500
3300,PT,52200
3300,IE,51100
3300,FI,52200
3300,SE,45300
3300,CH,56500
3300,LU,52700
3300,AT,53000
3300,BE,52100
3300,CZ,51300
3300,HU,52100
3300,DK,45100
3300,NO,52300
3300,GR,50400
3300,MT,70600
3300,BG,38300
3300,LT,49700
3300,LV,52500
3300,RO,44800
3300,SI,45200
3300,SK,57100
3300,HR,44900
3300,EE,52400
3300,CY,70700
3300,IL,57800
3300,CA,56100
3300,MX,87600
3300,BR,67800
3300,CL,69000
3300,CO,70700
3300,SG,26400
3300,AU,39900
3300,NZ,42600
3300,JP,22100
3300,HK,14700
3300,MO,14800
3300,TR,82900
3300,SA,62200
3300,AE,38500
3400,GB,38700
3400,DE,33500
3400,FR,37100
3400,IT,34800
3400,ES,37400
3400,NL,32200
3400,PL,50900
3400,PT,53600
3400,IE,52600
3400,FI,53600
3400,SE,46600
3400,CH,57900
3400,LU,54000
3400,AT,54500
3400,BE,53500
3400,CZ,52800
3400,HU,53500
3400,DK,46300
3400,NO,53700
3400,GR,51900
3400,MT,72500
3400,BG,39300
3400,LT,51200
3400,LV,54000
3400,RO,45900
3400,SI,46400
3400,SK,58600
3400,HR,46100
3400,EE,53900
3400,CY,72600
3400,IL,59300
3400,CA,56100
3400,MX,90200
3400,BR,69400
3400,CL,70700
3400,CO,72100
3400,SG,27100
3400,AU,41000
3400,NZ,43700
3400,JP,22600
3400,HK,14800
3400,MO,14900
3400,TR,85300
3400,SA,63700
3400,AE,39400
3500,GB,39700
3500,DE,34300
3500,FR,37900
3500,IT,35700
3500,ES,38400
3500,NL,33000
3500,PL,52300
3500,PT,55000
3500,IE,54000
3500,FI,55000
3500,SE,47900
3500,CH,59300
3500,LU,55400
3500,AT,55900
3500,BE,54800
3500,CZ,54200
3500,HU,55000
3500,DK,47500
3500,NO,55100
3500,GR,53300
3500,MT,74300
3500,BG,40300
3500,LT,52600
3500,LV,55500
3500,RO,47100
3500,SI,47600
3500,SK,60200
3500,HR,47300
3500,EE,55400
3500,CY,74500
3500,IL,60900
3500,CA,56200
3500,MX,92700
3500,BR,71100
3500,CL,72400
3500,CO,73500
3500,SG,27900
3500,AU,42000
3500,NZ,44900
3500,JP,23100
3500,HK,14900
3500,MO,15000
3500,TR,87600
3500,SA,65300
3500,AE,40400
3600,GB,40700
3600,DE,35000
3600,FR,38700
3600,IT,36500
3600,ES,39300
3600,NL,33700
3600,PL,53700
3600,PT,56400
3600,IE,55400
3600,FI,56500
3600,SE,49200
3600,CH,60800
3600,LU,56800
3600,AT,57400
3600,BE,56200
3600,CZ,55700
3600,HU,56400
3600,DK,48700
3600,NO,56400
3600,GR,54700
3600,MT,76200
3600,BG,41400
3600,LT,54000
3600,LV,56900
3600,RO,48300
3600,SI,48800
3600,SK,61800
3600,HR,48500
3600,EE,56800
3600,CY,76500
3600,IL,62400
3600,CA,63300
3600,MX,95300
3600,BR,73700
3600,CL,74100
3600,CO,77900
3600,SG,28500
3600,AU,43100
3600,NZ,46100
3600,JP,23600
3600,HK,16100
3600,MO,16200
3600,TR,90000
3600,SA,66800
3600,AE,41400
3700,GB,41800
3700,DE,35800
3700,FR,39500
3700,IT,37300
3700,ES,40200
3700,NL,34500
3700,PL,55100
3700,PT,57800
3700,IE,56800
3700,FI,57900
3700,SE,50400
3700,CH,62200
3700,LU,58200
3700,AT,58800
3700,BE,57600
3700,CZ,57100
3700,HU,57900
3700,DK,49900
3700,NO,57800
3700,GR,56200
3700,MT,78100
3700,BG,42400
3700,LT,55500
3700,LV,58400
3700,RO,49500
3700,SI,50000
3700,SK,63400
3700,HR,49700
3700,EE,58300
3700,CY,78400
3700,IL,64000
3700,CA,63300
3700,MX,97800
3700,BR,75300
3700,CL,75700
3700,CO,79300
3700,SG,29200
3700,AU,44100
3700,NZ,47300
3700,JP,24100
3700,HK,16200
3700,MO,16300
3700,TR,92300
3700,SA,68300
3700,AE,42400
3800,GB,42800
3800,DE,36600
3800,FR,40300
3800,IT,38100
3800,ES,41200
3800,NL,35300
3800,PL,56500
3800,PT,59200
3800,IE,58300
3800,FI,59300
3800,SE,51700
3800,CH,63700
3800,LU,59600
3800,AT,60300
3800,BE,59000
3800,CZ,58600
3800,HU,59300
3800,DK,51100
3800,NO,59200
3800,GR,57600
3800,MT,80000
3800,BG,43400
3800,LT,56900
3800,LV,59900
3800,RO,50700
3800,SI,51200
3800,SK,64900
3800,HR,50900
3800,EE,59700
3800,CY,80300
3800,IL,65500
3800,CA,63400
3800,MX,100300
3800,BR,77000
3800,CL,77400
3800,CO,80800
3800,SG,29800
3800,AU,45100
3800,NZ,48400
3800,JP,24600
3800,HK,16400
3800,MO,16500
3800,TR,94700
3800,SA,69900
3800,AE,43400
3900,GB,43800
3900,DE,37400
3900,FR,41200
3900,IT,39000
3900,ES,42100
3900,NL,36000
3900,PL,57900
3900,PT,60600
3900,IE,59700
3900,FI,60800
3900,SE,53000
3900,CH,65100
3900,LU,61000
3900,AT,61700
3900,BE,60400
3900,CZ,60000
3900,HU,60800
3900,DK,52300
3900,NO,60600
3900,GR,59100
3900,MT,81800
3900,BG,44400
3900,LT,58300
3900,LV,61400
3900,RO,51900
3900,SI,52400
3900,SK,66500
3900,HR,52100
3900,EE,61200
3900,CY,82300
3900,IL,67100
3900,CA,63400
3900,MX,102900
3900,BR,78700
3900,CL,79100
3900,CO,82200
3900,SG,30500
3900,AU,46200
3900,NZ,49600
3900,JP,25100
3900,HK,16500
3900,MO,16600
3900,TR,97000
3900,SA,71400
3900,AE,44300
4000,GB,44900
4000,DE,38200
4000,FR,42000
4000,IT,39800
4000,ES,43000
4000,NL,36800
4000,PL,59300
4000,PT,62000
4000,IE,61100
4000,FI,62200
4000,SE,54300
4000,CH,66500
4000,LU,62400
4000,AT,63200
4000,BE,61800
4000,CZ,61500
4000,HU,62200
4000,DK,53500
4000,NO,62000
4000,GR,60500
4000,MT,83700
4000,BG,45500
4000,LT,59800
4000,LV,62900
4000,RO,53100
4000,SI,53600
4000,SK,68100
4000,HR,53300
4000,EE,62700
4000,CY,84200
4000,IL,68600
4000,CA,63500
4000,MX,105400
4000,BR,80400
4000,CL,80800
4000,CO,83700
4000,SG,31100
4000,AU,47200
4000,NZ,50900
4000,JP,25600
4000,HK,16600
4000,MO,16700
4000,TR,99400
4000,SA,72900
4000,AE,45300
4100,GB,45900
4100,DE,39000
4100,FR,43500
4100,IT,40600
4100,ES,44400
4100,NL,37600
4100,PL,60700
4100,PT,63900
4100,IE,62500
4100,FI,63600
4100,SE,55500
4100,CH,68000
4100,LU,63700
4100,AT,65700
4100,BE,63200
4100,CZ,62900
4100,HU,64000
4100,DK,54700
4100,NO,63400
4100,GR,62700
4100,MT,85800
4100,BG,46800
4100,LT,61200
4100,LV,64300
4100,RO,54700
4100,SI,55200
4100,SK,69700
4100,HR,54500
4100,EE,64100
4100,CY,87500
4100,IL,70200
4100,CA,70600
4100,MX,108300
4100,BR,82900
4100,CL,85100
4100,CO,88000
4100,SG,31900
4100,AU,48300
4100,NZ,52100
4100,JP,26100
4100,HK,18000
4100,MO,18100
4100,TR,101700
4100,SA,74500
4100,AE,46300
4200,GB,46900
4200,DE,39800
4200,FR,44300
4200,IT,41500
4200,ES,45300
4200,NL,38300
4200,PL,62100
4200,PT,65300
4200,IE,64000
4200,FI,65100
4200,SE,56800
4200,CH,69400
4200,LU,65100
4200,AT,67200
4200,BE,64600
4200,CZ,64400
4200,HU,65400
4200,DK,55900
4200,NO,64800
4200,GR,64100
4200,MT,87700
4200,BG,47800
4200,LT,62600
4200,LV,65800
4200,RO,55900
4200,SI,56400
4200,SK,71200
4200,HR,55600
4200,EE,65600
4200,CY,89400
4200,IL,71700
4200,CA,70600
4200,MX,110800
4200,BR,84600
4200,CL,86800
4200,CO,89500
4200,SG,32500
4200,AU,49300
4200,NZ,53200
4200,JP,26600
4200,HK,18100
4200,MO,18200
4200,TR,104000
4200,SA,76000
4200,AE,47300
4300,GB,48000
4300,DE,40600
4300,FR,45100
4300,IT,42300
4300,ES,46300
4300,NL,39100
4300,PL,63500
4300,PT,66700
4300,IE,65400
4300,FI,66500
4300,SE,58100
4300,CH,70800
4300,LU,66500
4300,AT,68600
4300,BE,65900
4300,CZ,65800
4300,HU,66900
4300,DK,57100
4300,NO,66100
4300,GR,65500
4300,MT,89500
4300,BG,48900
4300,LT,64100
4300,LV,67300
4300,RO,57100
4300,SI,57600
4300,SK,72800
4300,HR,56800
4300,EE,67100
4300,CY,91300
4300,IL,73200
4300,CA,70700
4300,MX,113400
4300,BR,86300
4300,CL,88500
4300,CO,90900
4300,SG,33200
4300,AU,50400
4300,NZ,54400
4300,JP,27100
4300,HK,18200
4300,MO,18300
4300,TR,106400
4300,SA,77500
4300,AE,48200
4400,GB,49000
4400,DE,41400
4400,FR,45900
4400,IT,43100
4400,ES,47200
4400,NL,39900
4400,PL,64900
4400,PT,68100
4400,IE,66800
4400,FI,67900
4400,SE,59400
4400,CH,72300
4400,LU,67900
4400,AT,70100
4400,BE,67300
4400,CZ,67300
4400,HU,68300
4400,DK,58300
4400,NO,67500
4400,GR,67000
4400,MT,91400
4400,BG,49900
4400,LT,65500
4400,LV,68800
4400,RO,58300
4400,SI,58800
4400,SK,74400
4400,HR,58000
4400,EE,68500
4400,CY,93300
4400,IL,74800
4400,CA,70700
4400,MX,115900
4400,BR,87900
4400,CL,90100
4400,CO,92400
4400,SG,33800
4400,AU,51400
4400,NZ,55600
4400,JP,27600
4400,HK,18300
4400,MO,18400
4400,TR,108700
4400,SA,79100
4400,AE,49200
4500,GB,50000
4500,DE,42200
4500,FR,46700
4500,IT,44000
4500,ES,48100
4500,NL,40700
4500,PL,66300
4500,PT,69600
4500,IE,68200
4500,FI,69300
4500,SE,60600
4500,CH,73700
4500,LU,69300
4500,AT,71500
4500,BE,68700
4500,CZ,68700
4500,HU,69800
4500,DK,59500
4500,NO,68900
4500,GR,69800
4500,MT,93300
4500,BG,50900
4500,LT,66900
4500,LV,70200
4500,RO,59500
4500,SI,60000
4500,SK,76000
4500,HR,59200
4500,EE,70000
4500,CY,95200
4500,IL,76300
4500,CA,70800
4500,MX,118500
4500,BR,89600
4500,CL,91800
4500,CO,93800
4500,SG,34500
4500,AU,52400
4500,NZ,56800
4500,JP,28100
4500,HK,18400
4500,MO,18500
4500,TR,111100
4500,SA,80600
4500,AE,50200
4600,GB,51100
4600,DE,43000
4600,FR,47500
4600,IT,44800
4600,ES,49100
4600,NL,41400
4600,PL,67700
4600,PT,71000
4600,IE,69700
4600,FI,70800
4600,SE,61900
4600,CH,75100
4600,LU,70700
4600,AT,73000
4600,BE,70100
4600,CZ,70200
4600,HU,71200
4600,DK,60700
4600,NO,70300
4600,GR,71300
4600,MT,95100
4600,BG,52000
4600,LT,68400
4600,LV,71700
4600,RO,60700
4600,SI,61100
4600,SK,77600
4600,HR,60400
4600,EE,71500
4600,CY,97100
4600,IL,77900
4600,CA,78200
4600,MX,121000
4600,BR,92200
4600,CL,93500
4600,CO,98200
4600,SG,35100
4600,AU,53500
4600,NZ,57900
4600,JP,28600
4600,HK,19400
4600,MO,19500
4600,TR,113400
4600,SA,82200
4600,AE,51200
4700,GB,52100
4700,DE,43800
4700,FR,48300
4700,IT,45600
4700,ES,50000
4700,NL,42200
4700,PL,69100
4700,PT,72400
4700,IE,71100
4700,FI,72200
4700,SE,63200
4700,CH,76600
4700,LU,72000
4700,AT,74400
4700,BE,71500
4700,CZ,71600
4700,HU,72700
4700,DK,62000
4700,NO,71700
4700,GR,72700
4700,MT,97000
4700,BG,53000
4700,LT,69800
4700,LV,73200
4700,RO,61800
4700,SI,62300
4700,SK,79100
4700,HR,61600
4700,EE,72900
4700,CY,99100
4700,IL,79400
4700,CA,78200
4700,MX,123500
4700,BR,93800
4700,CL,95200
4700,CO,99600
4700,SG,35900
4700,AU,54500
4700,NZ,59100
4700,JP,29100
4700,HK,19500
4700,MO,19600
4700,TR,115800
4700,SA,83700
4700,AE,52100
4800,GB,53100
4800,DE,44600
4800,FR,49100
4800,IT,46400
4800,ES,50900
4800,NL,43000
4800,PL,70500
4800,PT,73800
4800,IE,72500
4800,FI,73600
4800,SE,64500
4800,CH,78000
4800,LU,73400
4800,AT,75900
4800,BE,72900
4800,CZ,73100
4800,HU,74100
4800,DK,63200
4800,NO,73100
4800,GR,74200
4800,MT,98900
4800,BG,54000
4800,LT,71200
4800,LV,74700
4800,RO,63000
4800,SI,63500
4800,SK,80700
4800,HR,62800
4800,EE,74400
4800,CY,101000
4800,IL,81000
4800,CA,78300
4800,MX,126100
4800,BR,95500
4800,CL,96900
4800,CO,101000
4800,SG,36600
4800,AU,55600
4800,NZ,60300
4800,JP,29600
4800,HK,19600
4800,MO,19700
4800,TR,118100
4800,SA,85200
4800,AE,53100
4900,GB,54100
4900,DE,45400
4900,FR,49900
4900,IT,47300
4900,ES,51900
4900,NL,43700
4900,PL,71900
4900,PT,75200
4900,IE,73900
4900,FI,75100
4900,SE,65700
4900,CH,79400
4900,LU,74800
4900,AT,77300
4900,BE,74300
4900,CZ,74500
4900,HU,75600
4900,DK,64400
4900,NO,74500
4900,GR,75600
4900,MT,100800
4900,BG,55000
4900,LT,72700
4900,LV,76100
4900,RO,64200
4900,SI,64700
4900,SK,82300
4900,HR,64000
4900,EE,75800
4900,CY,103000
4900,IL,82500
4900,CA,78300
4900,MX,128600
4900,BR,97200
4900,CL,98600
4900,CO,102500
4900,SG,37200
4900,AU,56600
4900,NZ,61500
4900,JP,30100
4900,HK,19700
4900,MO,19800
4900,TR,120500
4900,SA,86800
4900,AE,54100
5000,GB,55200
5000,DE,46200
5000,FR,50700
5000,IT,48100
5000,ES,52800
5000,NL,44500
5000,PL,73300
5000,PT,76600
5000,IE,75300
5000,FI,76500
5000,SE,67000
5000,CH,80900
5000,LU,76200
5000,AT,78800
5000,BE,75600
5000,CZ,76000
5000,HU,77000
5000,DK,65600
5000,NO,75800
5000,GR,77000
5000,MT,102600
5000,BG,56100
5000,LT,74100
5000,LV,77600
5000,RO,65400
5000,SI,65900
5000,SK,84500
5000,HR,65200
5000,EE,77300
5000,CY,104900
5000,IL,84100
5000,CA,78400
5000,MX,131200
5000,BR,98900
5000,CL,100300
5000,CO,103900
5000,SG,37900
5000,AU,57700
5000,NZ,62800
5000,JP,30600
5000,HK,19800
5000,MO,19900
5000,TR,122800
5000,SA,88300
5000,AE,55100
5000,KR,4700
6000,GB,65500
6000,DE,54700
6000,FR,59600
6000,ES,62600
6000,NL,52700
6000,PL,87400
6000,PT,91100
6000,IE,89600
6000,FI,91200
6000,SE,77600
6000,LU,90600
6000,AT,93200
6000,BE,89900
6000,CZ,90500
6000,HU,91900
6000,DK,77000
6000,GR,92100
6000,MT,121900
6000,BG,66600
6000,LT,88500
6000,LV,92400
6000,RO,77400
6000,SI,78200
6000,SK,100200
6000,HR,77100
6000,EE,91900
6000,CY,125800
6000,CA,92600
6000,MX,156900
6000,BR,117400
6000,CL,119800
6000,CO,124200
6000,SG,46700
6000,AU,68100
6000,NZ,74700
6000,JP,36700
6000,HK,23100
6000,MO,23200
6000,SA,103600
6000,AE,64800
7000,GB,75800
7000,DE,62600
7000,FR,68400
7000,ES,72400
7000,NL,60400
7000,PL,101400
7000,PT,105700
7000,IE,103800
7000,FI,105800
7000,SE,89700
7000,LU,104500
7000,AT,107700
7000,BE,103800
7000,CZ,105000
7000,HU,106700
7000,DK,89000
7000,GR,107200
7000,MT,140600
7000,BG,77200
7000,LT,102800
7000,LV,107100
7000,RO,89300
7000,SI,90600
7000,SK,116000
7000,HR,89000
7000,EE,106600
7000,CY,146500
7000,CA,107200
7000,MX,182700
7000,BR,135900
7000,CL,139300
7000,CO,144500
7000,SG,53500
7000,AU,78500
7000,NZ,86500
7000,JP,41800
7000,HK,26400
7000,MO,26500
7000,SA,119000
7000,AE,74600
8000,GB,86100
8000,DE,70600
8000,FR,77300
8000,ES,82100
8000,NL,68100
8000,PL,115400
8000,PT,120200
8000,IE,118000
8000,FI,120500
8000,SE,101700
8000,LU,118300
8000,AT,122200
8000,BE,117700
8000,CZ,119600
8000,HU,121500
8000,DK,101100
8000,GR,122400
8000,MT,159300
8000,BG,87800
8000,LT,117100
8000,LV,121900
8000,RO,101200
8000,SI,102900
8000,SK,131800
8000,HR,101000
8000,EE,121200
8000,CY,167200
8000,CA,121400
8000,MX,208400
8000,BR,154400
8000,CL,158800
8000,CO,164700
8000,SG,60200
8000,AU,88900
8000,NZ,98400
8000,JP,46800
8000,HK,29700
8000,MO,29800
8000,SA,134300
8000,AE,84300
9000,GB,96400
9000,DE,78600
9000,FR,86100
9000,ES,91900
9000,NL,75800
9000,PL,129400
9000,PT,134800
9000,IE,132300
9000,FI,135100
9000,SE,113800
9000,LU,132200
9000,AT,137800
9000,BE,131500
9000,CZ,134100
9000,HU,136400
9000,DK,113200
9000,GR,137500
9000,MT,178000
9000,BG,98400
9000,LT,131500
9000,LV,136600
9000,RO,113100
9000,SI,115200
9000,SK,147500
9000,HR,112900
9000,EE,135800
9000,CY,187800
9000,CA,136200
9000,MX,234200
9000,BR,172900
9000,CL,178300
9000,CO,185000
9000,SG,66900
9000,AU,99400
9000,NZ,110300
9000,JP,51800
9000,HK,32900
9000,MO,33000
9000,SA,149700
9000,AE,94100
10000,GB,106700
10000,DE,86500
10000,FR,95000
10000,ES,101700
10000,NL,83500
10000,PL,143400
10000,PT,149300
10000,IE,146500
10000,FI,149800
10000,SE,125900
10000,LU,146000
10000,AT,152300
10000,BE,145400
10000,CZ,148600
10000,HU,151200
10000,DK,125200
10000,GR,152600
10000,MT,196700
10000,BG,109000
10000,LT,145800
10000,LV,151400
10000,RO,125100
10000,SI,127500
10000,SK,164900
10000,HR,124800
10000,EE,150500
10000,CY,208500
10000,CA,150900
10000,MX,259900
10000,BR,191400
10000,CL,197800
10000,CO,205200
10000,SG,73600
10000,AU,109800
10000,NZ,122100
10000,JP,56800
10000,HK,36200
10000,MO,36300
10000,SA,165000
10000,AE,103900
10000,KR,6000
11000,GB,117000
11000,DE,95300
11000,FR,103500
11000,ES,111400
11000,NL,92400
11000,PL,158700
11000,PT,163800
11000,IE,160700
11000,FI,164500
11000,SE,138600
11000,LU,159900
11000,AT,166800
11000,BE,159200
11000,CZ,163100
11000,HU,166000
11000,DK,137300
11000,GR,167700
11000,MT,215500
11000,BG,119600
11000,LT,160200
11000,LV,166200
11000,RO,137000
11000,SI,139800
11000,SK,180700
11000,HR,136700
11000,EE,165100
11000,CY,229200
11000,CA,165300
11000,CO,225500
11000,SG,82500
11000,AU,120200
11000,NZ,134000
11000,HK,39500
11000,MO,39600
11000,SA,180300
11000,AE,113600
12000,GB,127300
12000,DE,103200
12000,FR,112300
12000,ES,121200
12000,NL,100300
12000,PL,172700
12000,PT,178400
12000,IE,175000
12000,FI,179100
12000,SE,150600
12000,LU,173800
12000,AT,181300
12000,BE,173100
12000,CZ,177600
12000,HU,180900
12000,DK,149300
12000,GR,182800
12000,MT,234200
12000,BG,130200
12000,LT,174500
12000,LV,180900
12000,RO,148900
12000,SI,152100
12000,SK,196500
12000,HR,148700
12000,EE,179800
12000,CY,249900
12000,CA,180000
12000,CO,245800
12000,SG,89200
12000,AU,130700
12000,NZ,145900
12000,HK,42700
12000,MO,42800
12000,SA,195700
12000,AE,123400
13000,GB,137600
13000,DE,111200
13000,FR,121100
13000,ES,131000
13000,NL,108100
13000,PL,186700
13000,PT,192900
13000,IE,189200
13000,FI,193800
13000,SE,162700
13000,LU,187600
13000,AT,195700
13000,BE,187000
13000,CZ,192200
13000,HU,195700
13000,DK,161400
13000,GR,197900
13000,MT,252900
13000,BG,140800
13000,LT,188800
13000,LV,195700
13000,RO,160800
13000,SI,164500
13000,SK,212200
13000,HR,160600
13000,EE,194400
13000,CY,270500
13000,CA,194400
13000,CO,266000
13000,SG,95900
13000,AU,141100
13000,NZ,157700
13000,HK,46000
13000,MO,46100
13000,SA,211000
13000,AE,133100
14000,GB,147900
14000,DE,119200
14000,FR,129900
14000,ES,140800
14000,NL,116000
14000,PL,200600
14000,PT,207500
14000,IE,203400
14000,FI,208400
14000,SE,174800
14000,LU,201500
14000,AT,210200
14000,BE,200800
14000,CZ,206700
14000,HU,210500
14000,DK,173500
14000,GR,213000
14000,MT,271600
14000,BG,151400
14000,LT,203200
14000,LV,210400
14000,RO,172800
14000,SI,176800
14000,SK,228000
14000,HR,172500
14000,EE,209000
14000,CY,291200
14000,CA,208000
14000,CO,286300
14000,SG,102600
14000,AU,151500
14000,NZ,169600
14000,HK,49300
14000,MO,49400
14000,SA,226400
14000,AE,142900
15000,GB,158200
15000,DE,127100
15000,FR,138700
15000,ES,150500
15000,NL,123800
15000,PL,214600
15000,PT,222000
15000,IE,217700
15000,FI,223100
15000,SE,186900
15000,LU,215300
15000,AT,224700
15000,BE,214700
15000,CZ,221200
15000,HU,225400
15000,DK,185500
15000,GR,228200
15000,MT,290400
15000,BG,162000
15000,LT,217500
15000,LV,225200
15000,RO,184700
15000,SI,189100
15000,SK,245200
15000,HR,184400
15000,EE,223700
15000,CY,311900
15000,CA,223900
15000,CO,306500
15000,SG,109400
15000,AU,161900
15000,NZ,181400
15000,HK,52500
15000,MO,52600
15000,SA,241700
15000,AE,152600
16000,GB,168500
16000,DE,136200
16000,FR,147500
16000,ES,160300
16000,NL,134300
16000,PL,228600
16000,PT,236600
16000,IE,231900
16000,FI,237700
16000,SE,201100
16000,LU,231300
16000,AT,239200
16000,BE,230700
16000,CZ,235700
16000,HU,240200
16000,GR,243300
16000,MT,309100
16000,BG,172600
16000,LT,231900
16000,LV,240000
16000,RO,196600
16000,SI,201400
16000,SK,261000
16000,HR,196400
16000,EE,238300
16000,CY,332500
16000,CA,239300
16000,CO,326800
16000,SG,118200
16000,AU,172400
16000,NZ,193300
16000,HK,55800
16000,MO,55900
16000,SA,257100
16000,AE,162400
17000,GB,178800
17000,DE,144200
17000,FR,156300
17000,ES,170100
17000,NL,142100
17000,PL,242600
17000,PT,251100
17000,IE,246100
17000,FI,252400
17000,SE,213200
17000,LU,245100
17000,AT,253700
17000,BE,244500
17000,CZ,250300
17000,HU,255000
17000,GR,258400
17000,MT,327800
17000,BG,183100
17000,LT,246200
17000,LV,254700
17000,RO,208500
17000,SI,213700
17000,SK,276800
17000,HR,208300
17000,EE,252900
17000,CY,353200
17000,CA,252600
17000,CO,347100
17000,SG,125000
17000,AU,182800
17000,NZ,205200
17000,HK,59100
17000,MO,59200
17000,SA,272400
17000,AE,172200
18000,GB,189100
18000,DE,152100
18000,FR,165100
18000,ES,179900
18000,NL,150000
18000,PL,256600
18000,PT,265600
18000,IE,260400
18000,FI,267100
18000,SE,225200
18000,LU,259000
18000,AT,268200
18000,BE,258400
18000,CZ,264800
18000,HU,269900
18000,GR,273500
18000,MT,346500
18000,BG,193700
18000,LT,260600
18000,LV,269500
18000,RO,220500
18000,SI,226000
18000,SK,292500
18000,HR,220200
18000,EE,267600
18000,CY,373900
18000,CA,265900
18000,CO,367300
18000,SG,131600
18000,AU,193200
18000,NZ,217000
18000,HK,62300
18000,MO,62400
18000,SA,287700
18000,AE,181900
19000,GB,199400
19000,DE,160100
19000,FR,173900
19000,ES,189600
19000,NL,157800
19000,PL,270600
19000,PT,280200
19000,IE,274600
19000,FI,281700
19000,SE,237300
19000,LU,272800
19000,AT,282700
19000,BE,272300
19000,CZ,279300
19000,HU,284700
19000,GR,288600
19000,MT,365200
19000,BG,204300
19000,LT,274900
19000,LV,284200
19000,RO,232400
19000,SI,238300
19000,SK,308300
19000,HR,232200
19000,EE,282200
19000,CY,394500
19000,CA,279200
19000,CO,387600
19000,SG,138400
19000,AU,203700
19000,NZ,228900
19000,HK,65600
19000,MO,65700
19000,SA,303100
19000,AE,191700
20000,GB,209700
20000,DE,168100
20000,FR,182700
20000,ES,199400
20000,NL,165700
20000,PL,284600
20000,PT,294700
20000,IE,288800
20000,FI,296400
20000,SE,249400
20000,LU,286700
20000,AT,297200
20000,BE,286100
20000,CZ,293800
20000,HU,299500
20000,GR,303700
20000,MT,384000
20000,BG,214900
20000,LT,289200
20000,LV,299000
20000,RO,244300
20000,SI,250700
20000,SK,324300
20000,HR,244100
20000,EE,296800
20000,CY,415200
20000,CA,293600
20000,CO,407900
20000,SG,145100
20000,AU,214100
20000,NZ,240700
20000,HK,68900
20000,MO,72100
20000,SA,318400
20000,AE,201400
20000,KR,6600
21000,DE,177100
21000,FR,191300
21000,ES,209200
21000,PL,298800
21000,PT,309300
21000,FI,311000
21000,AT,311600
21000,CZ,308300
21000,HU,314400
21000,GR,318800
21000,MT,402700
21000,BG,227100
21000,LT,303600
21000,LV,313700
21000,RO,257800
21000,SI,263000
21000,SK,340100
21000,HR,256000
21000,EE,311500
21000,CY,435900
21000,CA,311400
21000,SG,154600
21000,NZ,252500
21000,HK,70000
22000,DE,185000
22000,FR,200100
22000,ES,219000
22000,PL,312800
22000,PT,323800
22000,FI,325700
22000,AT,326100
22000,CZ,322900
22000,HU,329200
22000,GR,334000
22000,MT,421400
22000,BG,239300
22000,LT,317900
22000,LV,328500
22000,RO,271400
22000,SI,275300
22000,SK,355900
22000,HR,267900
22000,EE,326100
22000,CY,456600
22000,CA,324500
22000,SG,161400
22000,NZ,264300
22000,HK,71500
23000,DE,193000
23000,FR,208900
23000,ES,228700
23000,PL,326800
23000,PT,338400
23000,FI,340300
23000,AT,340600
23000,CZ,337400
23000,HU,344000
23000,GR,349100
23000,MT,440100
23000,BG,251500
23000,LT,332300
23000,LV,343300
23000,RO,284900
23000,SI,287600
23000,SK,371600
23000,HR,279900
23000,EE,340700
23000,CY,477200
23000,CA,342300
23000,SG,168100
23000,NZ,276100
23000,HK,72900
24000,DE,201000
24000,FR,217700
24000,ES,238500
24000,PL,340800
24000,PT,352900
24000,FI,355000
24000,AT,355100
24000,CZ,351900
24000,HU,358900
24000,GR,364200
24000,MT,458900
24000,BG,263700
24000,LT,346600
24000,LV,358000
24000,RO,298400
24000,SI,299900
24000,SK,387400
24000,HR,291800
24000,EE,355400
24000,CY,497900
24000,CA,355500
24000,SG,174800
24000,NZ,287900
24000,HK,74400
25000,DE,208900
25000,FR,226500
25000,ES,248300
25000,PL,354800
25000,PT,367400
25000,FI,369700
25000,AT,369600
25000,CZ,366400
25000,HU,373700
25000,GR,379300
25000,MT,477600
25000,BG,275900
25000,LT,360900
25000,LV,372800
25000,RO,312000
25000,SI,312200
25000,SK,403900
25000,HR,303700
25000,EE,370000
25000,CY,518600
25000,CA,368900
25000,SG,181500
25000,NZ,299700
25000,HK,75900
25000,KR,18000
26000,DE,217200
26000,FR,235300
26000,ES,258100
26000,PL,368800
26000,PT,382000
26000,FI,384300
26000,AT,384100
26000,CZ,380900
26000,HU,388500
26000,GR,394400
26000,MT,496300
26000,BG,288100
26000,LT,375300
26000,LV,387500
26000,RO,325500
26000,SI,324500
26000,SK,419700
26000,HR,315600
26000,EE,384600
26000,CY,539200
26000,CA,382300
26000,SG,191100
26000,HK,77300
27000,DE,225200
27000,FR,244100
27000,ES,267800
27000,PL,382800
27000,PT,396500
27000,FI,399000
27000,AT,398600
27000,CZ,395500
27000,HU,403400
27000,GR,409500
27000,MT,515000
27000,BG,300200
27000,LT,389600
27000,LV,402300
27000,RO,339000
27000,SI,336900
27000,SK,435400
27000,HR,327600
27000,EE,399300
27000,CY,559900
27000,CA,395600
27000,SG,197800
27000,HK,78800
28000,DE,233100
28000,FR,252900
28000,ES,277600
28000,PL,396800
28000,PT,411100
28000,FI,413600
28000,AT,413100
28000,CZ,410000
28000,HU,418200
28000,GR,424600
28000,MT,533700
28000,BG,312400
28000,LT,404000
28000,LV,417100
28000,RO,352500
28000,SI,349200
28000,SK,451200
28000,HR,339500
28000,EE,413900
28000,CY,580600
28000,CA,408900
28000,SG,204500
28000,HK,80200
29000,DE,241100
29000,FR,261700
29000,ES,287400
29000,PL,410800
29000,PT,425600
29000,FI,428300
29000,AT,427500
29000,CZ,424500
29000,HU,433000
29000,GR,439700
29000,MT,552500
29000,BG,324600
29000,LT,418300
29000,LV,431800
29000,RO,366100
29000,SI,361500
29000,SK,466900
29000,HR,351400
29000,EE,428500
29000,CY,601200
29000,CA,422200
29000,SG,211300
29000,HK,81700
30000,DE,249100
30000,FR,270500
30000,ES,297100
30000,PL,424800
30000,PT,440100
30000,FI,443000
30000,AT,442000
30000,CZ,439000
30000,HU,447900
30000,GR,454900
30000,MT,571200
30000,BG,336800
30000,LT,432700
30000,LV,446600
30000,RO,379600
30000,SI,373800
30000,SK,482700
30000,HR,363300
30000,EE,443200
30000,CY,621900
30000,CA,435500
30000,SG,217900
30000,HK,83200